split,composer,filepath,notes,avg_tempo,duration
train,bach,../Composer_Dataset/NN_midi_files_extended/train/bach/bach389.mid,5313,120.0,760.0052083333333
train,bach,../Composer_Dataset/NN_midi_files_extended/train/bach/bach362.mid,424,120.0,118.22526041666666
train,bach,../Composer_Dataset/NN_midi_files_extended/train/bach/bach363.mid,672,120.0,106.63802083333333
train,bach,../Composer_Dataset/NN_midi_files_extended/train/bach/bach377.mid,2926,120.0,420.6106770833333
train,bach,../Composer_Dataset/NN_midi_files_extended/train/bach/bach388.mid,737,120.0,98.33854166666666
train,bach,../Composer_Dataset/NN_midi_files_extended/train/bach/bach361.mid,618,120.0,91.35286458333333
train,bach,../Composer_Dataset/NN_midi_files_extended/train/bach/bach375.mid,557,120.0,87.69661458333333
train,bach,../Composer_Dataset/NN_midi_files_extended/train/bach/bach374.mid,4161,120.0,486.13541666666663
train,bach,../Composer_Dataset/NN_midi_files_extended/train/bach/bach360.mid,3909,120.0,517.1236979166666
train,bach,../Composer_Dataset/NN_midi_files_extended/train/bach/bach364.mid,702,120.0,90.24348958333333
train,bach,../Composer_Dataset/NN_midi_files_extended/train/bach/bach370.mid,558,120.0,79.88671875
train,bach,../Composer_Dataset/NN_midi_files_extended/train/bach/bach358.mid,575,120.0,93.2109375
train,bach,../Composer_Dataset/NN_midi_files_extended/train/bach/bach371.mid,596,120.0,71.296875
train,bach,../Composer_Dataset/NN_midi_files_extended/train/bach/bach365.mid,583,120.0,77.27083333333333
train,bach,../Composer_Dataset/NN_midi_files_extended/train/bach/bach373.mid,2069,120.0,232.63932291666666
train,bach,../Composer_Dataset/NN_midi_files_extended/train/bach/bach367.mid,2643,120.0,353.2981770833333
train,bach,../Composer_Dataset/NN_midi_files_extended/train/bach/bach366.mid,724,120.0,126.46744791666666
train,bach,../Composer_Dataset/NN_midi_files_extended/train/bach/bach372.mid,1562,120.0,165.89192708333331
train,bach,../Composer_Dataset/NN_midi_files_extended/train/bach/bach380.mid,851,120.0,110.46614583333333
train,bach,../Composer_Dataset/NN_midi_files_extended/train/bach/bach357.mid,559,120.0,107.11067708333333
train,bach,../Composer_Dataset/NN_midi_files_extended/train/bach/bach343.mid,4072,120.0,445.69010416666663
train,bach,../Composer_Dataset/NN_midi_files_extended/train/bach/bach342.mid,6479,120.0,914.875
train,bach,../Composer_Dataset/NN_midi_files_extended/train/bach/bach381.mid,3759,120.0,512.828125
train,bach,../Composer_Dataset/NN_midi_files_extended/train/bach/bach383.mid,2109,120.0,285.71354166666663
train,bach,../Composer_Dataset/NN_midi_files_extended/train/bach/bach368.mid,5246,120.0,640.5338541666666
train,bach,../Composer_Dataset/NN_midi_files_extended/train/bach/bach355.mid,6799,120.0,896.2200520833333
train,bach,../Composer_Dataset/NN_midi_files_extended/train/bach/bach369.mid,507,120.0,91.734375
train,bach,../Composer_Dataset/NN_midi_files_extended/train/bach/bach382.mid,795,120.0,117.65234375
train,bach,../Composer_Dataset/NN_midi_files_extended/train/bach/bach386.mid,769,120.0,115.734375
train,bach,../Composer_Dataset/NN_midi_files_extended/train/bach/bach345.mid,624,120.0,89.21354166666666
train,bach,../Composer_Dataset/NN_midi_files_extended/train/bach/bach351.mid,660,120.0,161.36197916666666
train,bach,../Composer_Dataset/NN_midi_files_extended/train/bach/bach379.mid,549,120.0,98.18229166666666
train,bach,../Composer_Dataset/NN_midi_files_extended/train/bach/bach378.mid,2939,120.0,357.7200520833333
train,bach,../Composer_Dataset/NN_midi_files_extended/train/bach/bach350.mid,8631,120.0,1047.9388020833333
train,bach,../Composer_Dataset/NN_midi_files_extended/train/bach/bach387.mid,3321,120.0,548.75390625
train,bach,../Composer_Dataset/NN_midi_files_extended/train/bach/bach391.mid,1223,120.0,202.13541666666666
train,bach,../Composer_Dataset/NN_midi_files_extended/train/bach/bach385.mid,683,120.0,104.73177083333333
train,bach,../Composer_Dataset/NN_midi_files_extended/train/bach/bach352.mid,594,120.0,61.69921875
train,bach,../Composer_Dataset/NN_midi_files_extended/train/bach/bach346.mid,539,120.0,103.04817708333333
train,bach,../Composer_Dataset/NN_midi_files_extended/train/bach/bach347.mid,891,120.0,91.90755208333333
train,bach,../Composer_Dataset/NN_midi_files_extended/train/bach/bach353.mid,628,120.0,103.1328125
train,bach,../Composer_Dataset/NN_midi_files_extended/train/bach/bach390.mid,5113,120.0,591.3450520833333
train,bartok,../Composer_Dataset/NN_midi_files_extended/train/bartok/bartok426.mid,384,127.65791872994606,95.37440120833331
train,bartok,../Composer_Dataset/NN_midi_files_extended/train/bartok/bartok432.mid,1941,196.93362489848036,128.52755050000002
train,bartok,../Composer_Dataset/NN_midi_files_extended/train/bartok/bartok397.mid,121,99.33340775007292,37.64626600000001
train,bartok,../Composer_Dataset/NN_midi_files_extended/train/bartok/bartok396.mid,109,65.000065000065,46.401876675
train,bartok,../Composer_Dataset/NN_midi_files_extended/train/bartok/bartok433.mid,757,82.78947352589185,250.49666750000003
train,bartok,../Composer_Dataset/NN_midi_files_extended/train/bartok/bartok427.mid,16658,175.27227805657859,368.8309923876953
train,bartok,../Composer_Dataset/NN_midi_files_extended/train/bartok/bartok419.mid,1648,172.03642549890893,134.55924859999993
train,bartok,../Composer_Dataset/NN_midi_files_extended/train/bartok/bartok431.mid,722,96.000096000096,92.6697915
train,bartok,../Composer_Dataset/NN_midi_files_extended/train/bartok/bartok425.mid,214,198.03206627690193,54.287600499999996
train,bartok,../Composer_Dataset/NN_midi_files_extended/train/bartok/bartok394.mid,13325,143.6355313106659,448.5367324375
train,bartok,../Composer_Dataset/NN_midi_files_extended/train/bartok/bartok395.mid,131,74.000074000074,48.942518625000005
train,bartok,../Composer_Dataset/NN_midi_files_extended/train/bartok/bartok430.mid,1048,104.82060617845566,120.99506397070316
train,bartok,../Composer_Dataset/NN_midi_files_extended/train/bartok/bartok418.mid,1041,164.00029520053135,52.682832000000005
train,bartok,../Composer_Dataset/NN_midi_files_extended/train/bartok/bartok420.mid,1446,163.53731521223563,65.45964371666665
train,bartok,../Composer_Dataset/NN_midi_files_extended/train/bartok/bartok408.mid,374,92.01701765797873,89.6177715
train,bartok,../Composer_Dataset/NN_midi_files_extended/train/bartok/bartok409.mid,492,128.95000179005157,49.24235254166666
train,bartok,../Composer_Dataset/NN_midi_files_extended/train/bartok/bartok421.mid,14493,129.93266717251853,421.27294424218815
train,bartok,../Composer_Dataset/NN_midi_files_extended/train/bartok/bartok435.mid,4321,185.88464407594336,178.802180425
train,bartok,../Composer_Dataset/NN_midi_files_extended/train/bartok/bartok423.mid,468,44.181836378797534,141.08078662500003
train,bartok,../Composer_Dataset/NN_midi_files_extended/train/bartok/bartok437.mid,2680,168.36044345550698,150.88234237500006
train,bartok,../Composer_Dataset/NN_midi_files_extended/train/bartok/bartok393.mid,2186,175.25020023052193,231.82167749999996
train,bartok,../Composer_Dataset/NN_midi_files_extended/train/bartok/bartok436.mid,1176,393.2164576783953,105.21738900000003
train,bartok,../Composer_Dataset/NN_midi_files_extended/train/bartok/bartok422.mid,1341,225.24268675137975,102.56711380000002
train,bartok,../Composer_Dataset/NN_midi_files_extended/train/bartok/bartok440.mid,1793,92.2642376070885,153.07714100833357
train,bartok,../Composer_Dataset/NN_midi_files_extended/train/bartok/bartok407.mid,515,126.000126000126,47.619
train,bartok,../Composer_Dataset/NN_midi_files_extended/train/bartok/bartok413.mid,302,92.00007551119418,44.56905450000001
train,bartok,../Composer_Dataset/NN_midi_files_extended/train/bartok/bartok406.mid,9651,83.67967198538528,357.3546921533199
train,bartok,../Composer_Dataset/NN_midi_files_extended/train/bartok/bartok404.mid,374,154.000154000154,34.91879625
train,bartok,../Composer_Dataset/NN_midi_files_extended/train/bartok/bartok405.mid,649,111.66675771769229,55.6569565
train,bartok,../Composer_Dataset/NN_midi_files_extended/train/bartok/bartok411.mid,357,94.222297429709,42.975319
train,bartok,../Composer_Dataset/NN_midi_files_extended/train/bartok/bartok439.mid,24754,127.00902606804267,555.2216292656249
train,bartok,../Composer_Dataset/NN_midi_files_extended/train/bartok/bartok415.mid,4693,132.3891821993443,226.280259802734
train,bartok,../Composer_Dataset/NN_midi_files_extended/train/bartok/bartok401.mid,326,108.000108000108,62.995307375
train,bartok,../Composer_Dataset/NN_midi_files_extended/train/bartok/bartok398.mid,696,149.90490508354165,85.9862645
train,bartok,../Composer_Dataset/NN_midi_files_extended/train/bartok/bartok399.mid,2192,128.29505799993694,255.70229349479186
train,bartok,../Composer_Dataset/NN_midi_files_extended/train/bartok/bartok428.mid,729,96.0,130.53125
train,bartok,../Composer_Dataset/NN_midi_files_extended/train/bartok/bartok414.mid,287,72.81823004953847,89.0401915
train,bartok,../Composer_Dataset/NN_midi_files_extended/train/bartok/bartok402.mid,9126,106.95276742876962,545.689965750002
train,bartok,../Composer_Dataset/NN_midi_files_extended/train/bartok/bartok416.mid,286,115.33340541859451,49.531776
train,bartok,../Composer_Dataset/NN_midi_files_extended/train/bartok/bartok417.mid,618,110.00012130014893,42.245490000000004
train,bartok,../Composer_Dataset/NN_midi_files_extended/train/bartok/bartok403.mid,177,72.00002880001152,55.833311
train,byrd,../Composer_Dataset/NN_midi_files_extended/train/byrd/byrd156.mid,1469,120.0,178.0
train,byrd,../Composer_Dataset/NN_midi_files_extended/train/byrd/byrd195.mid,4733,120.0,729.5651041666666
train,byrd,../Composer_Dataset/NN_midi_files_extended/train/byrd/byrd181.mid,1574,120.0,223.77083333333331
train,byrd,../Composer_Dataset/NN_midi_files_extended/train/byrd/byrd194.mid,1015,120.0,172.77864583333331
train,byrd,../Composer_Dataset/NN_midi_files_extended/train/byrd/byrd157.mid,3399,120.0,417.54557291666663
train,byrd,../Composer_Dataset/NN_midi_files_extended/train/byrd/byrd155.mid,4160,120.0,543.0572916666666
train,byrd,../Composer_Dataset/NN_midi_files_extended/train/byrd/byrd169.mid,2094,120.0,338.8359375
train,byrd,../Composer_Dataset/NN_midi_files_extended/train/byrd/byrd182.mid,5300,120.0,685.37109375
train,byrd,../Composer_Dataset/NN_midi_files_extended/train/byrd/byrd196.mid,663,120.0,113.29166666666666
train,byrd,../Composer_Dataset/NN_midi_files_extended/train/byrd/byrd197.mid,2698,120.0,319.34765625
train,byrd,../Composer_Dataset/NN_midi_files_extended/train/byrd/byrd183.mid,1854,120.0,314.1458333333333
train,byrd,../Composer_Dataset/NN_midi_files_extended/train/byrd/byrd154.mid,3171,120.0,340.28776041666663
train,byrd,../Composer_Dataset/NN_midi_files_extended/train/byrd/byrd178.mid,1818,120.0,302.13671875
train,byrd,../Composer_Dataset/NN_midi_files_extended/train/byrd/byrd187.mid,703,120.0,143.63541666666666
train,byrd,../Composer_Dataset/NN_midi_files_extended/train/byrd/byrd193.mid,529,120.0,126.36328125
train,byrd,../Composer_Dataset/NN_midi_files_extended/train/byrd/byrd192.mid,1198,120.0,156.53776041666666
train,byrd,../Composer_Dataset/NN_midi_files_extended/train/byrd/byrd186.mid,2052,120.0,310.09375
train,byrd,../Composer_Dataset/NN_midi_files_extended/train/byrd/byrd179.mid,929,120.0,152.0
train,byrd,../Composer_Dataset/NN_midi_files_extended/train/byrd/byrd153.mid,526,120.0,84.67708333333333
train,byrd,../Composer_Dataset/NN_midi_files_extended/train/byrd/byrd190.mid,1369,120.0,216.86458333333331
train,byrd,../Composer_Dataset/NN_midi_files_extended/train/byrd/byrd185.mid,1979,120.0,312.06119791666663
train,byrd,../Composer_Dataset/NN_midi_files_extended/train/byrd/byrd191.mid,185,120.0,59.375
train,byrd,../Composer_Dataset/NN_midi_files_extended/train/byrd/byrd177.mid,1689,120.0,270.86979166666663
train,byrd,../Composer_Dataset/NN_midi_files_extended/train/byrd/byrd163.mid,1964,120.0,307.67447916666663
train,byrd,../Composer_Dataset/NN_midi_files_extended/train/byrd/byrd188.mid,224,120.0,58.08333333333333
train,byrd,../Composer_Dataset/NN_midi_files_extended/train/byrd/byrd189.mid,2324,120.0,337.25390625
train,byrd,../Composer_Dataset/NN_midi_files_extended/train/byrd/byrd162.mid,557,120.0,94.14192708333333
train,byrd,../Composer_Dataset/NN_midi_files_extended/train/byrd/byrd160.mid,2021,120.0,299.1341145833333
train,byrd,../Composer_Dataset/NN_midi_files_extended/train/byrd/byrd149.mid,918,120.0,130.13802083333331
train,byrd,../Composer_Dataset/NN_midi_files_extended/train/byrd/byrd175.mid,2132,120.0,299.2044270833333
train,byrd,../Composer_Dataset/NN_midi_files_extended/train/byrd/byrd161.mid,484,120.0,96.25130208333333
train,byrd,../Composer_Dataset/NN_midi_files_extended/train/byrd/byrd159.mid,1090,120.0,172.04166666666666
train,byrd,../Composer_Dataset/NN_midi_files_extended/train/byrd/byrd165.mid,1995,120.0,317.65494791666663
train,byrd,../Composer_Dataset/NN_midi_files_extended/train/byrd/byrd171.mid,1108,120.0,178.22265625
train,byrd,../Composer_Dataset/NN_midi_files_extended/train/byrd/byrd170.mid,1113,120.0,188.625
train,byrd,../Composer_Dataset/NN_midi_files_extended/train/byrd/byrd164.mid,946,120.0,152.0
train,byrd,../Composer_Dataset/NN_midi_files_extended/train/byrd/byrd158.mid,607,120.0,78.03125
train,byrd,../Composer_Dataset/NN_midi_files_extended/train/byrd/byrd172.mid,2223,120.0,333.33854166666663
train,byrd,../Composer_Dataset/NN_midi_files_extended/train/byrd/byrd166.mid,975,120.0,132.5
train,byrd,../Composer_Dataset/NN_midi_files_extended/train/byrd/byrd198.mid,310,120.0,47.311197916666664
train,byrd,../Composer_Dataset/NN_midi_files_extended/train/byrd/byrd167.mid,441,120.0,72.125
train,byrd,../Composer_Dataset/NN_midi_files_extended/train/byrd/byrd173.mid,1458,120.0,199.44140625
train,chopin,../Composer_Dataset/NN_midi_files_extended/train/chopin/chopin054.mid,2231,107.25711916066786,132.1227633
train,chopin,../Composer_Dataset/NN_midi_files_extended/train/chopin/chopin068.mid,391,120.0,40.87708333333333
train,chopin,../Composer_Dataset/NN_midi_files_extended/train/chopin/chopin083.mid,1851,120.0,210.0
train,chopin,../Composer_Dataset/NN_midi_files_extended/train/chopin/chopin097.mid,2303,164.59186093121423,135.5775770333333
train,chopin,../Composer_Dataset/NN_midi_files_extended/train/chopin/chopin096.mid,1233,106.85578511911078,114.33461827083309
train,chopin,../Composer_Dataset/NN_midi_files_extended/train/chopin/chopin082.mid,1272,120.0,262.0
train,chopin,../Composer_Dataset/NN_midi_files_extended/train/chopin/chopin055.mid,4865,159.51132632222397,489.42887696874993
train,chopin,../Composer_Dataset/NN_midi_files_extended/train/chopin/chopin057.mid,2104,120.0,166.0
train,chopin,../Composer_Dataset/NN_midi_files_extended/train/chopin/chopin094.mid,6499,125.45460545460546,647.1363
train,chopin,../Composer_Dataset/NN_midi_files_extended/train/chopin/chopin080.mid,2083,74.93480522946982,444.23751775000085
train,chopin,../Composer_Dataset/NN_midi_files_extended/train/chopin/chopin081.mid,1414,120.0,110.0
train,chopin,../Composer_Dataset/NN_midi_files_extended/train/chopin/chopin095.mid,1586,120.0,306.0
train,chopin,../Composer_Dataset/NN_midi_files_extended/train/chopin/chopin056.mid,948,112.12498572711442,189.0329076583334
train,chopin,../Composer_Dataset/NN_midi_files_extended/train/chopin/chopin052.mid,2224,166.40021236828224,124.49784612500001
train,chopin,../Composer_Dataset/NN_midi_files_extended/train/chopin/chopin091.mid,18740,118.08823725021,2130.6523102083324
train,chopin,../Composer_Dataset/NN_midi_files_extended/train/chopin/chopin085.mid,1456,110.080704185547,297.5090799999995
train,chopin,../Composer_Dataset/NN_midi_files_extended/train/chopin/chopin084.mid,2405,56.68882586303964,348.2872788124998
train,chopin,../Composer_Dataset/NN_midi_files_extended/train/chopin/chopin090.mid,3185,120.0,224.0
train,chopin,../Composer_Dataset/NN_midi_files_extended/train/chopin/chopin079.mid,2048,126.6000154967099,348.28602279166665
train,chopin,../Composer_Dataset/NN_midi_files_extended/train/chopin/chopin051.mid,1435,148.33346083354604,153.49413240625
train,chopin,../Composer_Dataset/NN_midi_files_extended/train/chopin/chopin092.mid,2632,120.00007000007,129.46308494375003
train,chopin,../Composer_Dataset/NN_midi_files_extended/train/chopin/chopin093.mid,2477,120.0,126.0
train,chopin,../Composer_Dataset/NN_midi_files_extended/train/chopin/chopin050.mid,1617,120.0,100.0
train,chopin,../Composer_Dataset/NN_midi_files_extended/train/chopin/chopin075.mid,1360,120.0,88.79583333333333
train,chopin,../Composer_Dataset/NN_midi_files_extended/train/chopin/chopin049.mid,1984,68.08736185118919,144.23596980833338
train,chopin,../Composer_Dataset/NN_midi_files_extended/train/chopin/chopin074.mid,1799,120.0,332.0
train,chopin,../Composer_Dataset/NN_midi_files_extended/train/chopin/chopin060.mid,1884,120.0,256.0
train,chopin,../Composer_Dataset/NN_midi_files_extended/train/chopin/chopin076.mid,1824,120.0,318.0
train,chopin,../Composer_Dataset/NN_midi_files_extended/train/chopin/chopin089.mid,2136,120.0,284.3041666666667
train,chopin,../Composer_Dataset/NN_midi_files_extended/train/chopin/chopin088.mid,1475,81.73626286878203,322.90944197916673
train,chopin,../Composer_Dataset/NN_midi_files_extended/train/chopin/chopin063.mid,4420,120.0,330.63125
train,chopin,../Composer_Dataset/NN_midi_files_extended/train/chopin/chopin077.mid,1333,120.0,151.49166666666667
train,chopin,../Composer_Dataset/NN_midi_files_extended/train/chopin/chopin073.mid,2120,120.0,223.51041666666666
train,chopin,../Composer_Dataset/NN_midi_files_extended/train/chopin/chopin067.mid,1337,165.89284415543787,116.52373355833333
train,chopin,../Composer_Dataset/NN_midi_files_extended/train/chopin/chopin098.mid,2150,120.0,144.0
train,chopin,../Composer_Dataset/NN_midi_files_extended/train/chopin/chopin072.mid,749,120.0,104.78125
train,chopin,../Composer_Dataset/NN_midi_files_extended/train/chopin/chopin058.mid,6060,89.75001230417882,564.9809621666667
train,chopin,../Composer_Dataset/NN_midi_files_extended/train/chopin/chopin064.mid,1049,116.3487362019867,51.599459583007814
train,chopin,../Composer_Dataset/NN_midi_files_extended/train/chopin/chopin071.mid,1084,100.0,116.7225
train,chopin,../Composer_Dataset/NN_midi_files_extended/train/chopin/chopin065.mid,4481,84.66666622382073,401.5111604458333
train,chopin,../Composer_Dataset/NN_midi_files_extended/train/chopin/chopin059.mid,1785,136.91552732015944,84.04549560000005
train,handel,../Composer_Dataset/NN_midi_files_extended/train/handel/handel113.mid,126,65.000035000035,26.690451333333336
train,handel,../Composer_Dataset/NN_midi_files_extended/train/handel/handel099.mid,1878,69.00005214560262,216.63658275000003
train,handel,../Composer_Dataset/NN_midi_files_extended/train/handel/handel138.mid,6195,50.03450353334975,434.4224899999999
train,handel,../Composer_Dataset/NN_midi_files_extended/train/handel/handel104.mid,2538,72.10003664003145,428.86043800000004
train,handel,../Composer_Dataset/NN_midi_files_extended/train/handel/handel110.mid,5232,82.00003553334874,199.04716984375
train,handel,../Composer_Dataset/NN_midi_files_extended/train/handel/handel111.mid,1403,90.50003743336379,100.13566133333335
train,handel,../Composer_Dataset/NN_midi_files_extended/train/handel/handel105.mid,3900,44.000011733336464,237.272664
train,handel,../Composer_Dataset/NN_midi_files_extended/train/handel/handel101.mid,744,80.0,72.0
train,handel,../Composer_Dataset/NN_midi_files_extended/train/handel/handel115.mid,3818,91.76467841570354,447.5417905
train,handel,../Composer_Dataset/NN_midi_files_extended/train/handel/handel129.mid,3284,112.00005973336519,241.47308550000002
train,handel,../Composer_Dataset/NN_midi_files_extended/train/handel/handel128.mid,1205,85.0,148.349609375
train,handel,../Composer_Dataset/NN_midi_files_extended/train/handel/handel114.mid,3682,178.3333429168872,184.5668835
train,handel,../Composer_Dataset/NN_midi_files_extended/train/handel/handel100.mid,3168,65.40003798336787,230.904158
train,handel,../Composer_Dataset/NN_midi_files_extended/train/handel/handel116.mid,2495,142.500025000025,194.24848
train,handel,../Composer_Dataset/NN_midi_files_extended/train/handel/handel102.mid,5262,81.83337266670598,405.38805299999996
train,handel,../Composer_Dataset/NN_midi_files_extended/train/handel/handel103.mid,3516,144.0,176.171875
train,handel,../Composer_Dataset/NN_midi_files_extended/train/handel/handel117.mid,1674,44.00002086667779,154.79808325
train,handel,../Composer_Dataset/NN_midi_files_extended/train/handel/handel148.mid,9235,81.45838896741746,344.28484368750003
train,handel,../Composer_Dataset/NN_midi_files_extended/train/handel/handel144.mid,3056,82.85042703678457,366.96160349999997
train,handel,../Composer_Dataset/NN_midi_files_extended/train/handel/handel146.mid,1420,88.75003125003124,155.433324
train,handel,../Composer_Dataset/NN_midi_files_extended/train/handel/handel143.mid,1909,55.3333430444506,215.662927
train,handel,../Composer_Dataset/NN_midi_files_extended/train/handel/handel140.mid,3339,35.00001458333941,450.57124083333343
train,handel,../Composer_Dataset/NN_midi_files_extended/train/handel/handel141.mid,2492,31.142861628573463,285.5784235
train,handel,../Composer_Dataset/NN_midi_files_extended/train/handel/handel132.mid,5034,98.76474345983561,275.514179
train,handel,../Composer_Dataset/NN_midi_files_extended/train/handel/handel126.mid,5362,133.33335314818663,686.666818
train,handel,../Composer_Dataset/NN_midi_files_extended/train/handel/handel127.mid,1158,120.0,155.97900390625
train,handel,../Composer_Dataset/NN_midi_files_extended/train/handel/handel133.mid,5520,120.00010245345288,291.3586893333333
train,handel,../Composer_Dataset/NN_midi_files_extended/train/handel/handel125.mid,5415,94.99996200001522,203.2911997375
train,handel,../Composer_Dataset/NN_midi_files_extended/train/handel/handel131.mid,2291,64.0,218.16666666666666
train,handel,../Composer_Dataset/NN_midi_files_extended/train/handel/handel130.mid,2841,80.0,159.1875
train,handel,../Composer_Dataset/NN_midi_files_extended/train/handel/handel124.mid,9973,123.33337666671001,412.9228
train,handel,../Composer_Dataset/NN_midi_files_extended/train/handel/handel118.mid,2660,112.00005973336519,130.58028750000003
train,handel,../Composer_Dataset/NN_midi_files_extended/train/handel/handel120.mid,2274,58.11114969077457,241.3962141979167
train,handel,../Composer_Dataset/NN_midi_files_extended/train/handel/handel134.mid,1945,86.00005160003097,146.23537737499998
train,handel,../Composer_Dataset/NN_midi_files_extended/train/handel/handel108.mid,725,94.99999208333399,82.736849
train,handel,../Composer_Dataset/NN_midi_files_extended/train/handel/handel109.mid,3516,144.0,176.171875
train,handel,../Composer_Dataset/NN_midi_files_extended/train/handel/handel135.mid,3823,92.5000225000225,231.54372800000002
train,handel,../Composer_Dataset/NN_midi_files_extended/train/handel/handel121.mid,5247,90.00009000009,175.8331575
train,handel,../Composer_Dataset/NN_midi_files_extended/train/handel/handel123.mid,1074,120.0,145.875
train,handel,../Composer_Dataset/NN_midi_files_extended/train/handel/handel122.mid,4407,105.99995053335641,226.41520000000003
train,handel,../Composer_Dataset/NN_midi_files_extended/train/handel/handel136.mid,2250,47.5,422.6
train,hummel,../Composer_Dataset/NN_midi_files_extended/train/hummel/hummel338.mid,3229,58.06977787132232,322.98792671874986
train,hummel,../Composer_Dataset/NN_midi_files_extended/train/hummel/hummel310.mid,1869,70.56526745323576,282.55126251041685
train,hummel,../Composer_Dataset/NN_midi_files_extended/train/hummel/hummel305.mid,1399,37.8235392331413,327.27335768750015
train,hummel,../Composer_Dataset/NN_midi_files_extended/train/hummel/hummel311.mid,20225,100.99826774198482,2039.8105948416658
train,hummel,../Composer_Dataset/NN_midi_files_extended/train/hummel/hummel339.mid,6603,127.22983665822402,226.71802628125
train,hummel,../Composer_Dataset/NN_midi_files_extended/train/hummel/hummel307.mid,13852,108.7042377942561,1608.7015464520841
train,hummel,../Composer_Dataset/NN_midi_files_extended/train/hummel/hummel313.mid,16063,83.96702982923605,1089.0351367916658
train,hummel,../Composer_Dataset/NN_midi_files_extended/train/hummel/hummel298.mid,7112,102.67070448486808,639.2001504270835
train,hummel,../Composer_Dataset/NN_midi_files_extended/train/hummel/hummel299.mid,3344,94.67280869931452,487.2599741562497
train,hummel,../Composer_Dataset/NN_midi_files_extended/train/hummel/hummel306.mid,5656,75.72886984214324,546.3811172500002
train,hummel,../Composer_Dataset/NN_midi_files_extended/train/hummel/hummel302.mid,4437,124.35941144953975,474.64082326041694
train,hummel,../Composer_Dataset/NN_midi_files_extended/train/hummel/hummel316.mid,4904,118.81826055890907,533.8943802291669
train,hummel,../Composer_Dataset/NN_midi_files_extended/train/hummel/hummel317.mid,1778,111.51704326806163,251.81263725000002
train,hummel,../Composer_Dataset/NN_midi_files_extended/train/hummel/hummel315.mid,11056,83.43646151696612,1127.7289331749987
train,hummel,../Composer_Dataset/NN_midi_files_extended/train/hummel/hummel329.mid,3033,107.94748964957216,418.69988756250007
train,hummel,../Composer_Dataset/NN_midi_files_extended/train/hummel/hummel328.mid,3669,66.93874885254006,474.5049422499999
train,hummel,../Composer_Dataset/NN_midi_files_extended/train/hummel/hummel300.mid,6727,87.7415800871029,501.68770989166677
train,hummel,../Composer_Dataset/NN_midi_files_extended/train/hummel/hummel340.mid,12462,118.95902346623843,615.3427621458333
train,hummel,../Composer_Dataset/NN_midi_files_extended/train/hummel/hummel341.mid,5032,119.66679397783564,374.8177422604167
train,hummel,../Composer_Dataset/NN_midi_files_extended/train/hummel/hummel319.mid,1400,94.22733238869597,77.13208820833334
train,hummel,../Composer_Dataset/NN_midi_files_extended/train/hummel/hummel331.mid,2810,28.24037249702484,550.0671205916691
train,hummel,../Composer_Dataset/NN_midi_files_extended/train/hummel/hummel325.mid,2782,123.42815054380048,227.48350176041694
train,hummel,../Composer_Dataset/NN_midi_files_extended/train/hummel/hummel292.mid,1424,57.83336421669208,150.532134
train,hummel,../Composer_Dataset/NN_midi_files_extended/train/hummel/hummel293.mid,1714,41.85716190489185,288.9802976145836
train,hummel,../Composer_Dataset/NN_midi_files_extended/train/hummel/hummel324.mid,13354,129.3195780696206,1448.8001060000006
train,hummel,../Composer_Dataset/NN_midi_files_extended/train/hummel/hummel330.mid,4935,69.60718693406044,702.0654643020843
train,hummel,../Composer_Dataset/NN_midi_files_extended/train/hummel/hummel318.mid,4872,153.04314605866801,433.4480011416665
train,hummel,../Composer_Dataset/NN_midi_files_extended/train/hummel/hummel326.mid,4575,69.43938992753907,478.45820045833426
train,hummel,../Composer_Dataset/NN_midi_files_extended/train/hummel/hummel332.mid,3438,126.09158066381849,274.3072601354166
train,hummel,../Composer_Dataset/NN_midi_files_extended/train/hummel/hummel333.mid,6681,150.04859566213693,432.6051732499961
train,hummel,../Composer_Dataset/NN_midi_files_extended/train/hummel/hummel337.mid,4468,90.6711250498544,305.65143175000003
train,hummel,../Composer_Dataset/NN_midi_files_extended/train/hummel/hummel294.mid,8802,103.13148383815299,1045.3642700937496
train,hummel,../Composer_Dataset/NN_midi_files_extended/train/hummel/hummel295.mid,4405,130.40374178295062,366.5090541145833
train,hummel,../Composer_Dataset/NN_midi_files_extended/train/hummel/hummel336.mid,5946,93.19730181265129,829.1112799479167
train,hummel,../Composer_Dataset/NN_midi_files_extended/train/hummel/hummel322.mid,1452,38.650896555427465,368.8420808229166
train,hummel,../Composer_Dataset/NN_midi_files_extended/train/hummel/hummel334.mid,11578,67.60004084091915,533.2496489270839
train,hummel,../Composer_Dataset/NN_midi_files_extended/train/hummel/hummel320.mid,5417,115.12511178527156,431.52163566666644
train,hummel,../Composer_Dataset/NN_midi_files_extended/train/hummel/hummel308.mid,4685,112.59565364401493,780.1864690416669
train,hummel,../Composer_Dataset/NN_midi_files_extended/train/hummel/hummel297.mid,2801,131.39197821665815,258.97448595833333
train,hummel,../Composer_Dataset/NN_midi_files_extended/train/hummel/hummel296.mid,1244,79.71437503109497,181.87894587499997
train,hummel,../Composer_Dataset/NN_midi_files_extended/train/hummel/hummel309.mid,8038,62.73226284041559,955.4018507500008
train,hummel,../Composer_Dataset/NN_midi_files_extended/train/hummel/hummel321.mid,6636,77.23712313690518,779.0587837187492
train,mendelssohn,../Composer_Dataset/NN_midi_files_extended/train/mendelssohn/mendelssohn248.mid,18213,164.4663524489805,739.1641084472658
train,mendelssohn,../Composer_Dataset/NN_midi_files_extended/train/mendelssohn/mendelssohn274.mid,396,112.38292167683475,76.37805450000003
train,mendelssohn,../Composer_Dataset/NN_midi_files_extended/train/mendelssohn/mendelssohn260.mid,560,62.000124000248,133.54812
train,mendelssohn,../Composer_Dataset/NN_midi_files_extended/train/mendelssohn/mendelssohn261.mid,1200,120.0,134.0
train,mendelssohn,../Composer_Dataset/NN_midi_files_extended/train/mendelssohn/mendelssohn275.mid,22201,218.37633062726712,623.1682072916667
train,mendelssohn,../Composer_Dataset/NN_midi_files_extended/train/mendelssohn/mendelssohn249.mid,997,120.0,190.87708333333333
train,mendelssohn,../Composer_Dataset/NN_midi_files_extended/train/mendelssohn/mendelssohn263.mid,7573,123.3333642667235,685.7225293333332
train,mendelssohn,../Composer_Dataset/NN_midi_files_extended/train/mendelssohn/mendelssohn277.mid,4857,120.0,425.7583333333333
train,mendelssohn,../Composer_Dataset/NN_midi_files_extended/train/mendelssohn/mendelssohn289.mid,10797,122.08146721952394,286.8598553749983
train,mendelssohn,../Composer_Dataset/NN_midi_files_extended/train/mendelssohn/mendelssohn276.mid,120,176.80771845718698,47.878521866666674
train,mendelssohn,../Composer_Dataset/NN_midi_files_extended/train/mendelssohn/mendelssohn266.mid,1806,106.79999215334097,169.53709510833335
train,mendelssohn,../Composer_Dataset/NN_midi_files_extended/train/mendelssohn/mendelssohn272.mid,28754,150.84921030914145,889.1475978333332
train,mendelssohn,../Composer_Dataset/NN_midi_files_extended/train/mendelssohn/mendelssohn273.mid,3049,140.00014000014,181.696246875
train,mendelssohn,../Composer_Dataset/NN_midi_files_extended/train/mendelssohn/mendelssohn267.mid,2332,84.71426425398303,266.75651274999996
train,mendelssohn,../Composer_Dataset/NN_midi_files_extended/train/mendelssohn/mendelssohn271.mid,8441,33.605221489971186,544.0344442916686
train,mendelssohn,../Composer_Dataset/NN_midi_files_extended/train/mendelssohn/mendelssohn264.mid,22017,218.46295685751795,527.3678312499952
train,mendelssohn,../Composer_Dataset/NN_midi_files_extended/train/mendelssohn/mendelssohn269.mid,1808,120.0,101.21666666666667
train,mendelssohn,../Composer_Dataset/NN_midi_files_extended/train/mendelssohn/mendelssohn255.mid,1146,120.0,178.67083333333332
train,mendelssohn,../Composer_Dataset/NN_midi_files_extended/train/mendelssohn/mendelssohn283.mid,1492,157.88752494937114,46.02444875000004
train,mendelssohn,../Composer_Dataset/NN_midi_files_extended/train/mendelssohn/mendelssohn254.mid,1049,224.00533861585632,116.19048374999988
train,mendelssohn,../Composer_Dataset/NN_midi_files_extended/train/mendelssohn/mendelssohn268.mid,12769,124.032070338008,267.57687850000104
train,mendelssohn,../Composer_Dataset/NN_midi_files_extended/train/mendelssohn/mendelssohn256.mid,658,100.0,128.965
train,mendelssohn,../Composer_Dataset/NN_midi_files_extended/train/mendelssohn/mendelssohn281.mid,4303,63.75787276650454,363.96312849999987
train,mendelssohn,../Composer_Dataset/NN_midi_files_extended/train/mendelssohn/mendelssohn280.mid,3364,120.0,204.61666666666667
train,mendelssohn,../Composer_Dataset/NN_midi_files_extended/train/mendelssohn/mendelssohn257.mid,14795,159.85697057060213,284.2411711666673
train,mendelssohn,../Composer_Dataset/NN_midi_files_extended/train/mendelssohn/mendelssohn243.mid,968,78.49997062501104,173.91819
train,mendelssohn,../Composer_Dataset/NN_midi_files_extended/train/mendelssohn/mendelssohn247.mid,1810,133.3637857638195,124.34765200000001
train,mendelssohn,../Composer_Dataset/NN_midi_files_extended/train/mendelssohn/mendelssohn253.mid,1356,120.0,204.0
train,mendelssohn,../Composer_Dataset/NN_midi_files_extended/train/mendelssohn/mendelssohn290.mid,2088,120.0,161.575
train,mendelssohn,../Composer_Dataset/NN_midi_files_extended/train/mendelssohn/mendelssohn291.mid,16608,245.0272178347694,748.2953581000019
train,mendelssohn,../Composer_Dataset/NN_midi_files_extended/train/mendelssohn/mendelssohn285.mid,3284,132.29250760424023,128.2751493333334
train,mendelssohn,../Composer_Dataset/NN_midi_files_extended/train/mendelssohn/mendelssohn252.mid,4186,113.33333333333333,325.8614583333333
train,mendelssohn,../Composer_Dataset/NN_midi_files_extended/train/mendelssohn/mendelssohn246.mid,971,120.0,170.97708333333333
train,mendelssohn,../Composer_Dataset/NN_midi_files_extended/train/mendelssohn/mendelssohn250.mid,6582,105.3334237334495,446.0283430208334
train,mendelssohn,../Composer_Dataset/NN_midi_files_extended/train/mendelssohn/mendelssohn244.mid,589,120.0,122.4875
train,mendelssohn,../Composer_Dataset/NN_midi_files_extended/train/mendelssohn/mendelssohn278.mid,6526,172.6099695108902,195.0842864999999
train,mendelssohn,../Composer_Dataset/NN_midi_files_extended/train/mendelssohn/mendelssohn287.mid,7765,85.85361172248906,270.35924524999945
train,mendelssohn,../Composer_Dataset/NN_midi_files_extended/train/mendelssohn/mendelssohn286.mid,1564,66.37037287531506,219.5204398583333
train,mendelssohn,../Composer_Dataset/NN_midi_files_extended/train/mendelssohn/mendelssohn279.mid,2892,264.637960842152,95.17139212500007
train,mendelssohn,../Composer_Dataset/NN_midi_files_extended/train/mendelssohn/mendelssohn245.mid,3146,48.500023208348296,403.579896453125
train,mendelssohn,../Composer_Dataset/NN_midi_files_extended/train/mendelssohn/mendelssohn251.mid,742,120.0,136.0
train,mozart,../Composer_Dataset/NN_midi_files_extended/train/mozart/mozart048.mid,5673,99.83330673334397,560.663049375
train,mozart,../Composer_Dataset/NN_midi_files_extended/train/mozart/mozart028.mid,5530,112.00005973336519,466.8691706458334
train,mozart,../Composer_Dataset/NN_midi_files_extended/train/mozart/mozart000.mid,22554,75.05264549234445,1633.0335391458334
train,mozart,../Composer_Dataset/NN_midi_files_extended/train/mozart/mozart001.mid,6082,65.0000149000103,512.6909995
train,mozart,../Composer_Dataset/NN_midi_files_extended/train/mozart/mozart015.mid,4214,71.00006593339486,329.689706125
train,mozart,../Composer_Dataset/NN_midi_files_extended/train/mozart/mozart029.mid,7475,134.5456252184964,474.97144559375005
train,mozart,../Composer_Dataset/NN_midi_files_extended/train/mozart/mozart003.mid,3600,46.742872746677826,412.5136868229166
train,mozart,../Composer_Dataset/NN_midi_files_extended/train/mozart/mozart017.mid,6577,79.00003734446926,506.52671000000004
train,mozart,../Composer_Dataset/NN_midi_files_extended/train/mozart/mozart016.mid,6193,110.00011000011,483.81201618750003
train,mozart,../Composer_Dataset/NN_midi_files_extended/train/mozart/mozart002.mid,7364,86.52942243922422,536.9420011875
train,mozart,../Composer_Dataset/NN_midi_files_extended/train/mozart/mozart006.mid,6161,112.47836575518305,444.1935951666666
train,mozart,../Composer_Dataset/NN_midi_files_extended/train/mozart/mozart012.mid,8634,216.0006048016934,582.7732524895835
train,mozart,../Composer_Dataset/NN_midi_files_extended/train/mozart/mozart013.mid,2142,62.39655181580874,151.18079899999995
train,mozart,../Composer_Dataset/NN_midi_files_extended/train/mozart/mozart007.mid,4453,204.7944626333415,343.97471978124975
train,mozart,../Composer_Dataset/NN_midi_files_extended/train/mozart/mozart011.mid,6866,118.25011389528424,481.6608907916667
train,mozart,../Composer_Dataset/NN_midi_files_extended/train/mozart/mozart005.mid,3422,51.95000707166921,440.24700565625005
train,mozart,../Composer_Dataset/NN_midi_files_extended/train/mozart/mozart010.mid,12808,118.50011234181515,920.0582212187501
train,mozart,../Composer_Dataset/NN_midi_files_extended/train/mozart/mozart009.mid,7880,115.62802678934108,676.8426040000002
train,mozart,../Composer_Dataset/NN_midi_files_extended/train/mozart/mozart021.mid,3624,45.00000734444635,427.83746645833344
train,mozart,../Composer_Dataset/NN_midi_files_extended/train/mozart/mozart034.mid,4131,256.0,275.15625
train,mozart,../Composer_Dataset/NN_midi_files_extended/train/mozart/mozart008.mid,2224,74.12500562083608,287.201084
train,mozart,../Composer_Dataset/NN_midi_files_extended/train/mozart/mozart022.mid,8889,184.5218846030845,565.4357833437499
train,mozart,../Composer_Dataset/NN_midi_files_extended/train/mozart/mozart036.mid,7859,193.75014781290648,289.949088
train,mozart,../Composer_Dataset/NN_midi_files_extended/train/mozart/mozart037.mid,2851,120.0,224.49479166666666
train,mozart,../Composer_Dataset/NN_midi_files_extended/train/mozart/mozart023.mid,2830,38.00000720000288,377.4826378958333
train,mozart,../Composer_Dataset/NN_midi_files_extended/train/mozart/mozart027.mid,6748,102.99996465977141,541.9101795624999
train,mozart,../Composer_Dataset/NN_midi_files_extended/train/mozart/mozart033.mid,8924,103.36846526320977,780.9256785
train,mozart,../Composer_Dataset/NN_midi_files_extended/train/mozart/mozart032.mid,3456,52.00001205143707,549.5364971666667
train,mozart,../Composer_Dataset/NN_midi_files_extended/train/mozart/mozart026.mid,2347,33.000008527780736,269.4524209739583
train,mozart,../Composer_Dataset/NN_midi_files_extended/train/mozart/mozart030.mid,14738,74.46850401183265,1029.7136841666656
train,mozart,../Composer_Dataset/NN_midi_files_extended/train/mozart/mozart024.mid,12323,108.39138096097035,942.4267579479168
train,mozart,../Composer_Dataset/NN_midi_files_extended/train/mozart/mozart018.mid,9058,113.49997866675143,658.3442207187501
train,mozart,../Composer_Dataset/NN_midi_files_extended/train/mozart/mozart019.mid,7366,108.386717076225,919.979806625
train,mozart,../Composer_Dataset/NN_midi_files_extended/train/mozart/mozart031.mid,4760,146.49573808995441,165.97101978333333
train,mozart,../Composer_Dataset/NN_midi_files_extended/train/mozart/mozart042.mid,1715,48.0,261.6666666666667
train,mozart,../Composer_Dataset/NN_midi_files_extended/train/mozart/mozart043.mid,1652,195.000195000195,94.974264
train,mozart,../Composer_Dataset/NN_midi_files_extended/train/mozart/mozart041.mid,31879,135.000135000135,340.8996591
train,mozart,../Composer_Dataset/NN_midi_files_extended/train/mozart/mozart044.mid,13415,190.00015858214556,456.29896500000007
train,mozart,../Composer_Dataset/NN_midi_files_extended/train/mozart/mozart045.mid,7592,95.55558874075842,776.7098612916667
train,mozart,../Composer_Dataset/NN_midi_files_extended/train/mozart/mozart047.mid,1830,63.20001288000674,334.45529808333333
train,mozart,../Composer_Dataset/NN_midi_files_extended/train/mozart/mozart046.mid,4636,150.0,108.0
train,schumann,../Composer_Dataset/NN_midi_files_extended/train/schumann/schumann200.mid,18738,128.38321236330134,1689.713446721355
train,schumann,../Composer_Dataset/NN_midi_files_extended/train/schumann/schumann214.mid,550,120.0,42.0
train,schumann,../Composer_Dataset/NN_midi_files_extended/train/schumann/schumann228.mid,467,120.0,148.0
train,schumann,../Composer_Dataset/NN_midi_files_extended/train/schumann/schumann229.mid,402,120.0,44.0
train,schumann,../Composer_Dataset/NN_midi_files_extended/train/schumann/schumann215.mid,494,120.0,66.0
train,schumann,../Composer_Dataset/NN_midi_files_extended/train/schumann/schumann201.mid,504,65.21215972174987,134.71486930833336
train,schumann,../Composer_Dataset/NN_midi_files_extended/train/schumann/schumann203.mid,14933,105.51488703587069,404.3799074697264
train,schumann,../Composer_Dataset/NN_midi_files_extended/train/schumann/schumann202.mid,13091,135.6745395540219,875.6949263229166
train,schumann,../Composer_Dataset/NN_midi_files_extended/train/schumann/schumann216.mid,349,120.0,38.0
train,schumann,../Composer_Dataset/NN_midi_files_extended/train/schumann/schumann212.mid,2357,120.0,242.0
train,schumann,../Composer_Dataset/NN_midi_files_extended/train/schumann/schumann206.mid,353,120.0,96.0
train,schumann,../Composer_Dataset/NN_midi_files_extended/train/schumann/schumann207.mid,2325,130.25007733897505,198.44899310416668
train,schumann,../Composer_Dataset/NN_midi_files_extended/train/schumann/schumann213.mid,419,120.0,96.0
train,schumann,../Composer_Dataset/NN_midi_files_extended/train/schumann/schumann239.mid,413,120.0,98.0
train,schumann,../Composer_Dataset/NN_midi_files_extended/train/schumann/schumann211.mid,814,120.0,106.0
train,schumann,../Composer_Dataset/NN_midi_files_extended/train/schumann/schumann210.mid,5363,120.0,764.1583333333333
train,schumann,../Composer_Dataset/NN_midi_files_extended/train/schumann/schumann204.mid,462,120.0,196.18541666666667
train,schumann,../Composer_Dataset/NN_midi_files_extended/train/schumann/schumann199.mid,19307,106.22200800645406,1382.3244825749914
train,schumann,../Composer_Dataset/NN_midi_files_extended/train/schumann/schumann242.mid,1009,120.0,204.0
train,schumann,../Composer_Dataset/NN_midi_files_extended/train/schumann/schumann241.mid,13091,135.6745395540219,875.6949263229166
train,schumann,../Composer_Dataset/NN_midi_files_extended/train/schumann/schumann221.mid,6381,120.0,1150.7583333333332
train,schumann,../Composer_Dataset/NN_midi_files_extended/train/schumann/schumann235.mid,2348,120.0,228.0
train,schumann,../Composer_Dataset/NN_midi_files_extended/train/schumann/schumann208.mid,814,120.0,106.0
train,schumann,../Composer_Dataset/NN_midi_files_extended/train/schumann/schumann234.mid,475,120.0,129.39583333333331
train,schumann,../Composer_Dataset/NN_midi_files_extended/train/schumann/schumann236.mid,23860,169.15121633939538,593.7527415562497
train,schumann,../Composer_Dataset/NN_midi_files_extended/train/schumann/schumann222.mid,443,120.0,86.0
train,schumann,../Composer_Dataset/NN_midi_files_extended/train/schumann/schumann223.mid,400,120.0,34.0
train,schumann,../Composer_Dataset/NN_midi_files_extended/train/schumann/schumann237.mid,2187,120.0,164.0
train,schumann,../Composer_Dataset/NN_midi_files_extended/train/schumann/schumann233.mid,2830,120.0,266.0
train,schumann,../Composer_Dataset/NN_midi_files_extended/train/schumann/schumann227.mid,580,120.0,54.0
train,schumann,../Composer_Dataset/NN_midi_files_extended/train/schumann/schumann226.mid,11398,136.68669687978198,797.5764626354169
train,schumann,../Composer_Dataset/NN_midi_files_extended/train/schumann/schumann232.mid,2610,120.0,382.0
train,schumann,../Composer_Dataset/NN_midi_files_extended/train/schumann/schumann218.mid,15497,135.9606072590016,432.4057826640626
train,schumann,../Composer_Dataset/NN_midi_files_extended/train/schumann/schumann224.mid,615,120.0,70.0
train,schumann,../Composer_Dataset/NN_midi_files_extended/train/schumann/schumann230.mid,220,120.0,48.0
train,schumann,../Composer_Dataset/NN_midi_files_extended/train/schumann/schumann231.mid,8525,101.60872434132659,407.0793842158203
train,schumann,../Composer_Dataset/NN_midi_files_extended/train/schumann/schumann225.mid,949,120.0,180.0
train,schumann,../Composer_Dataset/NN_midi_files_extended/train/schumann/schumann219.mid,3191,108.13327292338263,382.68450007499996
dev,bach,../Composer_Dataset/NN_midi_files_extended/dev/bach/bach348.mid,3660,120.0,404.89453125
dev,bach,../Composer_Dataset/NN_midi_files_extended/dev/bach/bach354.mid,577,120.0,89.85807291666666
dev,bach,../Composer_Dataset/NN_midi_files_extended/dev/bach/bach344.mid,626,120.0,85.73697916666666
dev,bach,../Composer_Dataset/NN_midi_files_extended/dev/bach/bach384.mid,6348,120.0,824.0572916666666
dev,bartok,../Composer_Dataset/NN_midi_files_extended/dev/bartok/bartok424.mid,3686,136.9253934555348,233.48245775
dev,bartok,../Composer_Dataset/NN_midi_files_extended/dev/bartok/bartok434.mid,136,57.85184673488041,65.96093641666667
dev,bartok,../Composer_Dataset/NN_midi_files_extended/dev/bartok/bartok412.mid,159,135.75018083259243,32.201721041015624
dev,bartok,../Composer_Dataset/NN_midi_files_extended/dev/bartok/bartok410.mid,335,138.00019320027047,64.347736
dev,byrd,../Composer_Dataset/NN_midi_files_extended/dev/byrd/byrd180.mid,412,120.0,102.140625
dev,byrd,../Composer_Dataset/NN_midi_files_extended/dev/byrd/byrd168.mid,2298,120.0,334.45963541666663
dev,byrd,../Composer_Dataset/NN_midi_files_extended/dev/byrd/byrd184.mid,557,120.0,117.23958333333333
dev,byrd,../Composer_Dataset/NN_midi_files_extended/dev/byrd/byrd152.mid,1270,120.0,174.99479166666666
dev,chopin,../Composer_Dataset/NN_midi_files_extended/dev/chopin/chopin069.mid,1854,120.0,176.23958333333334
dev,chopin,../Composer_Dataset/NN_midi_files_extended/dev/chopin/chopin087.mid,1592,120.0,201.59166666666667
dev,chopin,../Composer_Dataset/NN_midi_files_extended/dev/chopin/chopin061.mid,4827,145.44455375384476,304.2830279583334
dev,chopin,../Composer_Dataset/NN_midi_files_extended/dev/chopin/chopin070.mid,1232,120.0,121.8625
dev,handel,../Composer_Dataset/NN_midi_files_extended/dev/handel/handel106.mid,5052,76.00005250812801,255.91092150000003
dev,handel,../Composer_Dataset/NN_midi_files_extended/dev/handel/handel139.mid,4277,74.66668586667434,255.12495075
dev,handel,../Composer_Dataset/NN_midi_files_extended/dev/handel/handel145.mid,1235,131.8333757750347,113.72825599999999
dev,handel,../Composer_Dataset/NN_midi_files_extended/dev/handel/handel119.mid,1515,90.0,189.7470703125
dev,hummel,../Composer_Dataset/NN_midi_files_extended/dev/hummel/hummel312.mid,3691,109.43501966358002,320.15654320833363
dev,hummel,../Composer_Dataset/NN_midi_files_extended/dev/hummel/hummel303.mid,5664,69.4962005368601,649.8606077500007
dev,hummel,../Composer_Dataset/NN_midi_files_extended/dev/hummel/hummel301.mid,1465,103.00009050983469,212.17483900000008
dev,hummel,../Composer_Dataset/NN_midi_files_extended/dev/hummel/hummel327.mid,12271,86.07566196786722,1094.5563986145808
dev,mendelssohn,../Composer_Dataset/NN_midi_files_extended/dev/mendelssohn/mendelssohn262.mid,980,104.8000648000648,80.27191046875001
dev,mendelssohn,../Composer_Dataset/NN_midi_files_extended/dev/mendelssohn/mendelssohn265.mid,3480,59.131572883336396,388.15794283333344
dev,mendelssohn,../Composer_Dataset/NN_midi_files_extended/dev/mendelssohn/mendelssohn258.mid,7595,120.0,808.9666666666667
dev,mendelssohn,../Composer_Dataset/NN_midi_files_extended/dev/mendelssohn/mendelssohn270.mid,8087,58.52082981395145,193.8824143333335
dev,mozart,../Composer_Dataset/NN_midi_files_extended/dev/mozart/mozart039.mid,3493,62.60003756002684,350.59417233333335
dev,mozart,../Composer_Dataset/NN_midi_files_extended/dev/mozart/mozart035.mid,2270,116.00008506672903,311.3736940729167
dev,mozart,../Composer_Dataset/NN_midi_files_extended/dev/mozart/mozart020.mid,8881,84.38100290798376,733.4591082291666
dev,mozart,../Composer_Dataset/NN_midi_files_extended/dev/mozart/mozart040.mid,6262,64.40002298668233,859.3542422708334
dev,schumann,../Composer_Dataset/NN_midi_files_extended/dev/schumann/schumann217.mid,867,126.000126000126,69.52374
dev,schumann,../Composer_Dataset/NN_midi_files_extended/dev/schumann/schumann238.mid,598,150.0,65.4
dev,schumann,../Composer_Dataset/NN_midi_files_extended/dev/schumann/schumann209.mid,3508,120.0,602.9145833333333
test,bach,../Composer_Dataset/NN_midi_files_extended/test/bach/bach376.mid,591,120.0,68.80989583333333
test,bach,../Composer_Dataset/NN_midi_files_extended/test/bach/bach349.mid,6404,120.0,867.0065104166666
test,bach,../Composer_Dataset/NN_midi_files_extended/test/bach/bach359.mid,3882,120.0,486.36588541666663
test,bach,../Composer_Dataset/NN_midi_files_extended/test/bach/bach356.mid,632,120.0,95.67838541666666
test,bartok,../Composer_Dataset/NN_midi_files_extended/test/bartok/bartok392.mid,147,92.00012880018032,31.858651050000002
test,bartok,../Composer_Dataset/NN_midi_files_extended/test/bartok/bartok438.mid,6566,104.33085504986988,533.8359296249992
test,bartok,../Composer_Dataset/NN_midi_files_extended/test/bartok/bartok429.mid,495,135.18376559646848,49.752142458333324
test,bartok,../Composer_Dataset/NN_midi_files_extended/test/bartok/bartok400.mid,276,107.69572581602299,52.868970374999996
test,byrd,../Composer_Dataset/NN_midi_files_extended/test/byrd/byrd150.mid,474,120.0,71.25
test,byrd,../Composer_Dataset/NN_midi_files_extended/test/byrd/byrd151.mid,697,120.0,121.7265625
test,byrd,../Composer_Dataset/NN_midi_files_extended/test/byrd/byrd176.mid,2776,120.0,398.0
test,byrd,../Composer_Dataset/NN_midi_files_extended/test/byrd/byrd174.mid,1467,120.0,217.625
test,chopin,../Composer_Dataset/NN_midi_files_extended/test/chopin/chopin053.mid,1879,132.75008251674095,414.8229876770834
test,chopin,../Composer_Dataset/NN_midi_files_extended/test/chopin/chopin086.mid,1248,120.0,139.37291666666667
test,chopin,../Composer_Dataset/NN_midi_files_extended/test/chopin/chopin078.mid,1629,96.1891726791333,312.279310895834
test,chopin,../Composer_Dataset/NN_midi_files_extended/test/chopin/chopin062.mid,5021,120.0,542.0
test,handel,../Composer_Dataset/NN_midi_files_extended/test/handel/handel107.mid,7754,66.6666588888902,272.92861625
test,handel,../Composer_Dataset/NN_midi_files_extended/test/handel/handel112.mid,1180,180.00013000012999,57.823754
test,handel,../Composer_Dataset/NN_midi_files_extended/test/handel/handel147.mid,4210,96.80011451683131,223.07646900000003
test,handel,../Composer_Dataset/NN_midi_files_extended/test/handel/handel137.mid,2272,93.99998120000377,123.20148740625
test,hummel,../Composer_Dataset/NN_midi_files_extended/test/hummel/hummel304.mid,3530,77.6227920468446,387.8872737395831
test,hummel,../Composer_Dataset/NN_midi_files_extended/test/hummel/hummel314.mid,1353,84.91863656810271,278.8691288750002
test,hummel,../Composer_Dataset/NN_midi_files_extended/test/hummel/hummel323.mid,17381,97.59594871227588,1966.796464808332
test,hummel,../Composer_Dataset/NN_midi_files_extended/test/hummel/hummel335.mid,5490,129.53592963974455,477.2623357749984
test,mendelssohn,../Composer_Dataset/NN_midi_files_extended/test/mendelssohn/mendelssohn288.mid,10297,131.8334605433185,481.0556287812502
test,mendelssohn,../Composer_Dataset/NN_midi_files_extended/test/mendelssohn/mendelssohn259.mid,1127,120.0,136.0
test,mendelssohn,../Composer_Dataset/NN_midi_files_extended/test/mendelssohn/mendelssohn282.mid,6538,234.48320981241463,278.08973108333424
test,mendelssohn,../Composer_Dataset/NN_midi_files_extended/test/mendelssohn/mendelssohn284.mid,2336,119.91177845045507,316.37095521666697
test,mozart,../Composer_Dataset/NN_midi_files_extended/test/mozart/mozart014.mid,2079,71.00000630000189,423.2135640520833
test,mozart,../Composer_Dataset/NN_midi_files_extended/test/mozart/mozart038.mid,2977,122.6001454001796,276.9313389166667
test,mozart,../Composer_Dataset/NN_midi_files_extended/test/mozart/mozart004.mid,5076,122.34726436947845,451.8759289062501
test,mozart,../Composer_Dataset/NN_midi_files_extended/test/mozart/mozart025.mid,8465,50.304378035534675,526.3243753177084
test,schumann,../Composer_Dataset/NN_midi_files_extended/test/schumann/schumann205.mid,5121,120.0,523.09375
test,schumann,../Composer_Dataset/NN_midi_files_extended/test/schumann/schumann240.mid,2198,120.0,210.0
test,schumann,../Composer_Dataset/NN_midi_files_extended/test/schumann/schumann220.mid,1171,100.0,61.2
